{"cameraMode":{"drawMode":0,"name":"Shaded","section":"Shading Mode"},"sceneLighting":true,"audioPlay":false,"sceneViewState":{"m_AlwaysRefresh":false,"showFog":true,"showSkybox":true,"showFlares":true,"showImageEffects":true,"showParticleSystems":true,"showVisualEffectGraphs":true,"m_FxEnabled":true},"in2DMode":false,"pivot":{"x":-10.536794662475586,"y":18.561851501464845,"z":101.20630645751953},"rotation":{"x":-0.055735982954502109,"y":-0.03982993960380554,"z":0.002225068397819996,"w":-0.9976439476013184},"size":63.70387268066406,"orthographic":false}